video_id,start_second,is_anomaly
1,48.0,1
12,87.33333333333333,1
17,50.166666666666664,1
23,112.5,1
29,297.1666666666667,1
38,48.5,1
46,62.833333333333336,1
51,43.166666666666664,1
68,191.33333333333334,1
69,221.5,1
79,55.833333333333336,1
85,121.5,1
