video_id,start_second,is_anomaly
1,48.166666666666664,1
12,87.16666666666667,1
17,50.0,1
23,112.5,1
37,346.3333333333333,1
38,48.166666666666664,1
46,62.5,1
51,43.166666666666664,1
68,191.33333333333334,1
69,221.5,1
85,121.5,1
